Title,Link,Channel Name,Description,Thumbnail Link
Manchester United v. Arsenal | PREMIER LEAGUE HIGHLIGHTS | 12/2/2021 | NBC Sports,https://www.youtube.com/watch?v=Zg544bFIaew,NBC Sports,"Manchester United emerged with three points in a five-goal thriller against Arsenal, as Cristiano Ronaldo's brace inspired the Red Devils to a comeback win. #NBCSports #PremierLeague #ManchesterUni...",https://i.ytimg.com/vi/Zg544bFIaew/hqdefault.jpg?sqp=-oaymwEcCPYBEIoBSFXyq4qpAw4IARUAAIhCGAFwAcABBg==&rs=AOn4CLCgmpp6-ofAXSRLTXCD3eQkIrLP-g
Minecraft Speedrunner VS 5 Hunters FINALE REMATCH,https://www.youtube.com/watch?v=_0MXhG1shEc,Dream,Minecraft Speedrunner VS 5 Hunters FINALE REMATCH. You asked for it. This was absolutely insane. https://cash.app/13+ use code DreamYT for $15 free Follow my socials: â½ Twitter - @dream...,https://i.ytimg.com/vi/_0MXhG1shEc/hqdefault.jpg?sqp=-oaymwEcCPYBEIoBSFXyq4qpAw4IARUAAIhCGAFwAcABBg==&rs=AOn4CLAo2EhxSkvya0xLAXstem-O6sA72Q
Kodak Black - Closure [Official Music VIdeo],https://www.youtube.com/watch?v=MIvhuTmmVUQ,Kodak Black,Kodak Black - Closure [Official Music VIdeo] Subscribe for more official content from Kodak Black: https://Atlantic.lnk.to/KBsubscribe Follow Kodak Black https://twitter.com/KodakBlack1k...,https://i.ytimg.com/vi/MIvhuTmmVUQ/hqdefault.jpg?sqp=-oaymwEcCPYBEIoBSFXyq4qpAw4IARUAAIhCGAFwAcABBg==&rs=AOn4CLDE4KrHEoPnXcfcQFxgY3RZ9glTSA
POWER OF MAKEUP: Adele! | NikkieTutorials,https://www.youtube.com/watch?v=qY3L1bPNBAw,NikkieTutorials,"Please welcome to my channel: ADELE!!! - CAN SOMEONE PINCH ME?? Iâ€™ve been dreaming of working with Adele for YEARS now, so when she asked me to do her makeup to celebrate the launch of her...",
What To Do If The Customer Doesnâ€™t Pay,https://www.youtube.com/watch?v=djUTP-L6A58,Forever Self Employed,,
Redemption,https://www.youtube.com/watch?v=UxBc-dEAsbs,Deji,One Last Chance Join the TANK GANG â–ºhttp://bit.ly/1h6i9oR Instagram â–º http://instagram.com/comedygamer Twitter â–º https://twitter.com/Deji Facebook â–º https://www.facebook.com/ComedyShortsGa...,
Polo G - Don't Play (Official Audio) ft. Lil Baby,https://www.youtube.com/watch?v=UJR5AR7hIJU,Polo G,Official audio for â€œDonâ€™t Playâ€ by Polo G feat. Lil Baby Listen & Download â€˜Hall Of Fame 2.0â€™ out now: https://polog.lnk.to/HOFDeluxe Amazon Music - https://polog.lnk.to/HOFDeluxe/ama...,
Can You Beat PokÃ©mon Brilliant Diamond with ONLY Piplup?,https://www.youtube.com/watch?v=L-SSO52vJXE,Alpharad,When PokÃ©mon Brilliant Diamond and Shining Pearl were announced... I knew what I had to do. [SPONSORED] Go to http://www.casetify.com/alpharad today to get 15% off on your new favorite phone...,
Apex Legends: Raiders Collection Event Trailer,https://www.youtube.com/watch?v=A_GUBourLrc,Apex Legends,"Itâ€™s a pirateâ€™s life for our Legends in the Raiders Collection Event! http://x.ea.com/71586 Winter Express returns to Apex Legends: three squads board the Worldâ€™s Edge train, but only...",
Juice WRLD & Justin Bieber - Wandered To LA (Official Trailer),https://www.youtube.com/watch?v=59bdqLHHqLo,Juice WRLD,"Pre-Save ""Wandered To LA"": https://JuiceWrld.lnk.to/WanderedToLAPreSave Get your tickets to juice wrld day at Juicewrldday.com Check out more Juice WRLD here: Merch- 999club.com Soundcloud...",
LAST DAY AT THE ACE FAMILY HOUSE! **BYE FOREVER**,https://www.youtube.com/watch?v=v_9jZ8R9VRA,The ACE Family,LAST DAY AT THE ACE FAMILY HOUSE! **BYE FOREVER** **ACE FAMILY MERCH HERE: shopacefamily.com LAST VIDEO: https://www.youtube.com/watch?v=Ud5xlPGK09w JOIN THE ACE FAMILY & SUBSCRIBE: http://bit.l...,
YouTubers Play SQUID GAME In Real Life! *NEW CHALLENGES*,https://www.youtube.com/watch?v=KEjC5BsCQ_E,Jordan Matter,21 YouTubers play Squid Game in real life with never before seen challenges to win $1000 for a subscriber. Watch until the end - it might be you! SUBSCRIBE & turn on POST NOTIFICATIONS for...,
Redneck vs â€œSweet Teaâ€,https://www.youtube.com/watch?v=Rm1BWVnsKhE,Drew Talbert,Timothy knows you the only way to make Sweet Tea is to add a shocking amount of sugar while itâ€™s brewing Co-write w/ Andrea Kelley,
"GTA 5, but if I say ""cop"" then the cops try to kill me",https://www.youtube.com/watch?v=-H30opsrvvs,DougDoug,"Never say ""cop"" out loud. This was streamed live on Twitch! https://bit.ly/DougTwitch Full stream recording: https://www.youtube.com/watch?v=lr-H9dd5SWE My 2nd Channel: http://bit.ly/dougdoug2...",
Dream - Minecraft Manhunt Extra Scenes (5 Hunters Rematch Finale),https://www.youtube.com/watch?v=Dn6u3SdgGKI,DreamXD,"This is extra scenes from Dream's channel of the ""Minecraft Speedrunner VS 5 Hunters Rematch Finale"" video. Sponsored by cashapp, download today https://cash.app/13+ and use code ""DreamYT""...",
Yung Bleu & Kehlani - Beautiful Lies (Official Video),https://www.youtube.com/watch?v=JC_gAhrAyQY,Yung Bleu,"Listen to the album ""Moon Boy"". Out now! Stream: https://music.empi.re/moonboy.oyd Subscribe to the official Yung Bleu channel for music videos, audios and behind the scenes content: http://bit.ly/...",
Discipline In American Schools Versus British Schools!,https://www.youtube.com/watch?v=-qGGXDrlhXA,mrthomasenglish,Follow me on TikTok: https://vm.tiktok.com/ZMeJbVRC3/ Follow me on Instagram: https://www.instagram.com/vthomasenglish/?hl=en Shop My Merch: https://socialfam.com/collections/mrthomasenglish,
Cowboys vs. Saints Week 13 Highlights | NFL 2021 Highlights,https://www.youtube.com/watch?v=jmTbW3lIZVM,NFL,"Para mÃ¡s contenido de la NFL en EspaÃ±ol, suscrÃ­bete a https://www.youtube.com/mundonfl Check out our other channels: NFL Fantasy Football https://www.youtube.com/nflfantasyfootball NFL...",
I was a guard in Mr. Beastâ€™s SQUID GAMEâ€¦,https://www.youtube.com/watch?v=qCNi5cUtnoU,Flamingo,watch https://www.youtube.com/watch?v=0e3GPea1Tyg watch behind the scenes https://www.youtube.com/watch?v=VQcO_PYVx3o Today I talk about my Mr Beast squid game experience and how nice they...,
Joshua Bassett - Crisis (Official Music Video),https://www.youtube.com/watch?v=-hEWBmscI5g,Joshua Bassett,"Joshua will donate 100% of his earnings from this song to mental health organizations in perpetuity. Listen to ""Crisis"" here: https://joshuatbassett.lnk.to/CSSMF Watch the rest of the series,...",
Joshua Bassett - Set Me Free (Official Music Video),https://www.youtube.com/watch?v=YdbWXF0nZ8g,Joshua Bassett,"Listen to ""Set Me Free"": https://joshuatbassett.lnk.to/CSSMF Watch the rest of the series, including ""Crisis"" & ""Secret"" here: https://youtube.com/playlist?list=PLL2LlLhJaqCVgqB5_bhrLo8nCU3tBKAzK...",
I Fooled My Friend with JUMPSCARE Mods in Minecraft,https://www.youtube.com/watch?v=5Sy_uI7Wt0U,Shark,Today I Fooled My Friend with JUMPSCARE Mods in Minecraft! Should I fool my friend with another jumpscare mod in Minecraft? Let me know! Merch - https://www.09sharkboy.com Subscribe! - http://bi...,
5000Â° HALO Energy Sword (WORLD'S FIRST!),https://www.youtube.com/watch?v=kxmNlelg5qA,Hacksmith Industries,Buy the SOLIDWORKS for Makers bundle (20% Off $99/yr.!) â–º https://r1132100503382-eu1-my3dexperience.3dexperience.3ds.com/welcome/compass-world/3dexperience-collaborative-innovation/3d-sculptor/bu...,
decorating for christmas 2021!! vlogmas day 1,https://www.youtube.com/watch?v=iAmiUfnU9OU,AlishaMarieVlogs,its that time of the yearrrr vlogmas 2021 is here. today ash and i are decorating the house for christmas! who's excited for vlogmas?! xo -alisha marie Parallel Apparel: https://www.parallelapparel...,
Joshua Bassett - Secret (Official Music Video),https://www.youtube.com/watch?v=DiKxqzlVaXY,Joshua Bassett,"Listen to ""Secret"": https://joshuatbassett.lnk.to/CSSMF Watch the rest of the series, including ""Crisis"" & ""Set Me Free"" here: https://youtube.com/playlist?list=PLL2LlLhJaqCVgqB5_bhrLo8nCU3tBKAzK...",
I Survived 50 Hours In A Nuclear Bunker,https://www.youtube.com/watch?v=BUdG068uGl0,Airrack,RhinoShield Black Friday sale is still on! Up to 60% off + EXTRA 10% off with code: AIRRACK Shop All Cases: https://bit.ly/Airrack-RS-BF Follow for a new iPhone!ğŸ‘‡ INSTAGRAM â–¶ï¸ https://urlge...,
The Rival ğŸ’¥ | PokÃ©mon Evolutions: Episode 5,https://www.youtube.com/watch?v=qgY9RYTO7Nw,The Official PokÃ©mon YouTube channel,"No matter how fast you run, your rivals are always one step ahead, pushing you to better your skills. Eventually, youâ€™ll have to face your rival in your travelsâ€¦ for Barry, that time has...",
Olivia Rodrigo - traitor (Live From Austin City Limits),https://www.youtube.com/watch?v=SmOrhq_m0ZI,Olivia Rodrigo,Olivia Rodrigo performs â€œtraitorâ€ Live at Austin City Limits Olivia Rodrigoâ€™s Austin City Limits performance premieres December 4 on PBS. Watch live or stream the episode at https://pbs.org/...,
TWICE ã€ŒDoughnutã€ Music Video,https://www.youtube.com/watch?v=VcOSUOpACq0,TWICE JAPAN OFFICIAL YouTube Channel,TWICE JAPAN 9th SINGLEã€Doughnutã€ 2021.12.15 Release TWICEæ—¥æœ¬ã‚ªãƒªã‚¸ãƒŠãƒ«æ¥½æ›²å²ä¸Šåˆã®ãƒãƒ©ãƒ¼ãƒ‰ãƒªãƒ¼ãƒ‰ã®ä½œå“ï¼ å¤§åˆ‡ãªã‚ãªãŸãŒã„ã‚‹ã¨æº€ãŸã•ã‚Œã¦ã„ã‚‹å¿ƒãŒã€...,
Shawn Mendes - Itâ€™ll Be Okay (Lyric Video),https://www.youtube.com/watch?v=q_HNcBjHlPY,Shawn Mendes,Listen to â€œItâ€™ll Be Okayâ€ Now: https://itllbeokay.lnk.to/outnow Buy tickets to tour & sign up to be first to hear about more tour dates at https://wonderthetour.com Follow Shawn: Streaming...,
How Electricity Gets to You,https://www.youtube.com/watch?v=xhxo2oXRiio,Wendover Productions,Buy your custom domain or email for 10% off at http://Hover.com/wendover Watch Extremities at http://youtube.com/extremities Buy a Wendover Productions t-shirt: https://standard.tv/collections/we...,
Hipster at a Country Restaurant,https://www.youtube.com/watch?v=wBgOdpKkhts,Drew Talbert,"The tables have turned. Luckily, this Southern country cookin restaurant has someone who speaks Hipster. Co-write w/ Andrea Kelley #serverlife #redneck #hipster #southern #country #losangeles...",
27 Minecraft 1.18 Secrets You Didn't Know,https://www.youtube.com/watch?v=Ykkm7_aJ0d4,Block Facts,"The 1.18 Caves and Cliffs update part 2 has changed Minecraft forever, but there are some secrets in the new Minecraft 1.18 update that you likely didn't spot. So, here are the coolest 1.18...",
VRChat Deleted Content 4,https://www.youtube.com/watch?v=C3rOR_6qDWU,Jameskii,This is part 4 of behind the scenes and deleted content from my VRChat in a nutshell experience. I hope you find these funny highlights as hilarious and bizarre as I did! If you want to see...,
UNHhhh ep 166 - Marriage,https://www.youtube.com/watch?v=0WxqFtOTiBs,WOWPresents,"Marriage, that blessed arrangement. Although fifty percent of marriages end in divorce. So we asked two unmarried crossdressers who live in sin for their advice on the subject. Watch 30...",
Should your boyfriend play Grand Theft Auto: The Trilogy - The Definitive Edition?,https://www.youtube.com/watch?v=lKOeZSucxNA,Girlfriend Reviews,"Holiday Deal! Go to https://NordVPN.com/girlfriendreviews to get a 2-year plan at a huge discount plus 1 month free. Itâ€™s risk free with Nordâ€™s 30 day money-back guarantee! Rockstar ""remastere...",
Sia - Fly Me To The Moon (Inspired by FINAL FANTASY XIV),https://www.youtube.com/watch?v=ez9S8PS2E3I,FINAL FANTASY XIV,"To celebrate the launch of Endwalker, we collaborated with multi-platinum superstar Sia on an out-of-this-world visual and musical tribute to our Warriors of Light. FOLLOW SIA: Website:...",
Apple Music users when Spotify Wrapped drops #shorts,https://www.youtube.com/watch?v=loHqG091NGI,Trevor Wallace,bad day to be an apple music listener smh #shorts,
"Billie Eilish: Same Interview, The Fifth Year | Vanity Fair",https://www.youtube.com/watch?v=_wNsZEqpKUA,Vanity Fair,"""I'm so much more open to stuff now."" On the verge of 100 million followers, Billie Eilish is ready to step back into the world as the most comfortable version of herself. Filled with new life...",
The Snowflake Mystery,https://www.youtube.com/watch?v=ao2Jfm35XeE,Veritasium,"Dr Ken Libbrecht is the world expert on snowflakes, designer of custom snowflakes, snowflake consultant for the movie Frozen - his photos appear on postage stamps all over the world. This video...",
Never Pressure Wash A House Like This ğŸ˜³,https://www.youtube.com/watch?v=gm5exIcAuOM,Forever Self Employed,,
A Video Call With Sh**ty Wi-Fi,https://www.youtube.com/watch?v=kzxQgrA7MLg,Game Changer Shorts,I'm-- can you hea--- I- McDonald's. #shorts #gamechanger Watch a few full episodes of Game Changer here: https://www.youtube.com/playlist?list=PLuKg-WhduhknsLFxK4K5YDtGVJuCf51kY. You can watch...,
Verified TikTokers School ğŸ˜‚ #shorts,https://www.youtube.com/watch?v=LdI1wNfzMbs,Shane Nagy,You need a verified student ID! ğŸ˜‚ #shorts,
"Minecraft Now (well soon, anyway!) â€“ Official Trailer",https://www.youtube.com/watch?v=I7nHnsAwTIc,Minecraft,"Thereâ€™s a new way to experience Minecraft, and it goes by Minecraft Now, a monthly livestream! Tune in each month for live gameplay, developer deep dives, and community highlights. Maybe...",
The Matrix Resurrections â€“ DÃ©jÃ  Vu,https://www.youtube.com/watch?v=IgYs_NDyaLs,Warner Bros. Pictures,áº…Ì·Ì©ÌÌ¥Ì¯ÍˆÌÍŠÍ›Ì‹ÌÍ‘ÌŠÌ•Ã¤Ì·Ì¼Ì—Ì«Ì²Ì¯Ì¥ÌªÌ Ì±Ì€Ì‡ÌÍ‚Ì€Í†ÌšÍ…kÌ·Ì¢Ì›Ì»Ì™ÍÌŸÍšÍ“Í–Ì†Í‚ÌˆÌÌ¿Í’Ì•Ã¨Ì¸Í–Ì™Ì‘ÌŠÌ¾Ì‰ Ì´Ì§Ì Ì˜Ì–Ì³Í“ÍˆÌ½Ì¿Ì†Ì”Ì’Ì‚Ì‚Ì„Ì’Í˜uÌµÌ»Í‡Ì¹Í‡ÌÌ®ÌŸÌÍ’Í‹Ì‚Í—Í’Ì‡á¹•Ì·ÌÍÍ’...,
Kevin Gates - Move,https://www.youtube.com/watch?v=iwpU6asCxB4,kevingatesTV,Prod by M.O.G Beatz Kevin Gates - 'Only The Generals Part II' OUT NOW! Stream/Download: https://kevingates.lnk.to/OnlyTheGeneralsPartIIID Subscribe for more official content from Kevin Gates:...,
YouTube is Changing - Smarter Every Day 266,https://www.youtube.com/watch?v=ZVaUoyabjAg,SmarterEveryDay,Go to https://buyraycon.com/smarter for 15% off your order! Brought to you by Raycon Checkout the Notre Dame video on the Sound Traveler: https://www.youtube.com/watch?v=ukyk4ZC59Ek Ben Markey's...,
Lil Tjay - Christmas In A Cell (Official Audio),https://www.youtube.com/watch?v=zxSkywNLOW0,Lil Tjay,"Official audio for ""Christmas In A Cell"" by Lil Tjay Listen & Download ""Chrismas In A Cell"" out now: https://liltjay.lnk.to/ChristmasInACell Follow Lil Tjay Facebook - https://www.facebook.com/L...",
Neutron Rocket | Development Update,https://www.youtube.com/watch?v=7kwAPr5G6WA,Rocket Lab,"Meet Neutron. Building on Rocket Labâ€™s proven experience developing the Electron launch vehicle, the advanced 8-ton payload class Neutron launch vehicle is designed to transform space access...",
Chupa chups vs felt-tip pen ğŸ­ #shorts,https://www.youtube.com/watch?v=jn4mMszouss,TIKTOMIKI,Thank you for watching For Short Funny videos with Dima and Tamara Follow us on TikTok https://vm.tiktok.com/ZSJrjaKoq/ #tiktomiki #shorts #tiktomikishorts,
